category,relative_path,status,bytes,sha256,mtime_utc
metadata,Makefile,present,4214,e352837ca00ab90f14a6676972af949d24cc8417eced19c859cd4be6ddf6d2db,2026-05-16T10:30:28.281921+00:00
metadata,README.md,present,4528,a4618e82a76710ae8f0dde75ce0694fcb064976e2b46430b99e00a8e86d431e1,2026-05-16T10:20:56.371428+00:00
metadata,README_REPRODUCE.md,present,14649,183599047161d840cf236e6ae0aab7faea42024d6322b8795a7fc55a51f786c2,2026-05-16T17:58:25.318971+00:00
metadata,REFEREE_QUICKSTART.md,present,6129,f6db1325b27db21e226ba8a42c205c2d66a95c46c283b1961143f5a358739139,2026-05-16T10:21:39.690943+00:00
metadata,configs/default.json,present,396,51e292445fc9df605ea1deb102b541d4d0353ce851c4820d4f56249015f9493c,2026-05-16T05:07:59.659199+00:00
metadata,notes/subagents_synthesis.md,present,2763,2993fb18675a3a32ad8ccb39204c3032da7a087459ce68a1bb777b06c6466d37,2026-05-16T06:13:26.152065+00:00
paper,paper/ablation_sota_report.md,present,19258,73403c82f3b058462de05338a5be8b9a6ba9c221d6f49514be06c8be948daaa6,2026-05-16T10:27:05.742153+00:00
paper,paper/control_proof_completion_map.md,present,3740,cabc0565a9f80597d62547787604fb949d0c9567bd1534662fbbfd1e86b46963,2026-05-16T10:18:14.800509+00:00
paper,paper/datasets_and_empirical_scope.md,present,6643,ca44369c49b0409e71989b9a18f02313cf44b798ee798f62bc1185f9799f63f1,2026-05-16T10:25:37.669564+00:00
paper,paper/experiment_report.md,present,35939,3d28135cd5e519fc7e09bf82d42230d19719d5664a6fd2e04b02eb0e9b94a53e,2026-05-16T10:27:17.483083+00:00
paper,paper/journal_readiness_audit.md,present,17729,a8d1bb6bd4785ee755b73e8f531199e83975732306fa384452f341160077c453,2026-05-16T10:31:19.196529+00:00
paper,paper/m_series_optimization_report.md,present,2019,855fea6fd4726597810d8d87dd6df9c50a0fdd172f6b2caedbb83a914242763e,2026-05-16T09:53:58.340295+00:00
paper,paper/mesa_scalar_theory_appendix.log,present,13058,e52f6947a8c7063dcf5415cbedbfb4cbc8d4fb5e52ba4bf8253dfb11396b83d1,2026-05-16T10:29:55.409289+00:00
paper,paper/mesa_scalar_theory_appendix.pdf,present,152154,a489be8097b36166926d723e05c76a6d442a35e5124f073d2e245b0b59f1cdf9,2026-05-16T10:29:55.409129+00:00
paper,paper/mesa_scalar_theory_appendix.tex,present,49560,cdc93d86e029b340434e0127ac3dc2c0efd2ef7c82eb28ceb68b03c9a05898fd,2026-05-16T10:17:42.544975+00:00
paper,paper/mesa_sifin_draft.md,present,6080,b89f6c2d041801b526e67be6e586d4ce9ddb3ee9a93b480b8734dbd49f1d4a6b,2026-05-16T10:27:10.983180+00:00
paper,paper/mesa_sifin_manuscript.log,present,16613,88730ffcaa634970cac48bce743c34990197353627d4cb7b1a0b31747d9db84a,2026-05-16T10:29:54.043267+00:00
paper,paper/mesa_sifin_manuscript.pdf,present,2599287,afc61f7536c80edc6da670c009f37dc05c382f7d36cf35072a2215d77e3f4cc2,2026-05-16T10:29:54.043657+00:00
paper,paper/mesa_sifin_manuscript.tex,present,52433,18578336699a3b48b2cc2583d628faf5c20ec97ab45f93aed69ba6dbd2875b17,2026-05-16T12:09:28.652374+00:00
paper,paper/mesa_sifin_manuscript_siam.tex,present,52851,985c8d1d38624540ad7df55abf31fa41d3c3893f460ce73c744c682b156c455e,2026-05-16T12:09:28.653472+00:00
paper,paper/novelty_scout.md,present,9924,9dc275cdc1a04a10b63d7821819a44d8c6c37bf26ea7ab47636e64c2d9b2c7c6,2026-05-16T09:13:40.435167+00:00
paper,paper/queue_position_replay_completeness.md,present,3248,fee90b726275b2643d24bd9d09870034cfe49b7494949149f1e04fa18c6d974b,2026-05-16T10:20:47.898063+00:00
paper,paper/reference_audit.md,present,6546,f64c4cb5699c042de8315092f856b17cf57df105921f18312a83c7920d0c1324,2026-05-16T12:26:03.473630+00:00
paper,paper/siam_jfm_ai_disclosure.md,present,1113,31640398f83ce85d0281c071c0e60b3c517f85cfd3315a0e8ed996786e71d4ad,2026-05-16T09:40:37.669266+00:00
paper,paper/siam_jfm_cover_letter.log,present,8728,30e9e86b2dd63e425b0128bbe8d90e4877bef8f14da36fb2f658afca65d86c92,2026-05-16T10:29:55.784104+00:00
paper,paper/siam_jfm_cover_letter.pdf,present,13938,841f2485d35e75b4f6eddc00ccaebc7b90ef637843e0211aa54f92da8609beed,2026-05-16T10:29:55.783965+00:00
paper,paper/siam_jfm_cover_letter.tex,present,2379,cf2034542bbc3633cced0021d4b52189d91af6a38e31d856cfc0508963273667,2026-05-16T10:06:04.800264+00:00
paper,paper/siam_jfm_submission_checklist.md,present,3357,2b550933e6e534a1f94e045f6932ae997cd279e526e218f86f692005b062671b,2026-05-16T09:55:23.345305+00:00
paper,paper/siam_jfm_submission_metadata.md,present,1148,c5fd677db2c2df7018b34509c8b5fa1ec91fd8d7d86216566463d73010095cda,2026-05-16T09:39:15.955907+00:00
paper,paper/siam_macro_conversion_note.md,present,1430,42cd243814e995edde95724c3b500a3e640158fb1da4c0730a20254a5368c6fe,2026-05-16T09:54:53.287786+00:00
paper,paper/theory_repair.md,present,4473,ec92fe9d6bf70f8211079e8d5a97d3cdd7cf4bda7235e87d78defd8cef17477b,2026-05-16T09:07:46.871751+00:00
paper,paper/web_sota_audit.md,present,4980,516ac1791f25efc4662c2a7b77355b4af84ca03f1c2387e0da734f9dce305494,2026-05-16T09:58:05.677884+00:00
metadata,pyproject.toml,present,391,c23df05c98084754bdf6a66bbce786e74ff3ca837d4df490fe115ca1ba8cbddc,2026-05-16T07:45:12.647835+00:00
metadata,requirements.txt,present,61,019ab6023d6fa9e3ba64598975b9f1fc8042bdba7cfb0f632b81505c9775e418,2026-05-16T05:08:54.247549+00:00
figure,results/figures/binance_aggtrades_cross_date_hawkes.png,present,191842,2948ed7677d9be976c186eefc34b52d15d2af0feaa570dd5c3a41df4f6ab6d41,2026-05-16T08:37:51.266984+00:00
figure,results/figures/binance_aggtrades_hawkes.png,present,90576,b82dcd9e702a97de58df7df7c61401871062c79c41d228955d30d727b9ebc29f,2026-05-16T08:37:51.104582+00:00
figure,results/figures/calibration_noise.png,present,77949,1bfe334a85f672b4e1a46d64ec3b8062c39621dab320ab5c3329471307b05d6f,2026-05-16T08:37:51.408509+00:00
figure,results/figures/criticality_scaling.png,present,126986,043f8ef3f0326a4cb19409cf55e2d62e8810e2acd773c0403fe35feff5fc54c4,2026-05-16T08:37:49.231669+00:00
figure,results/figures/crypto_l2_sanity.png,present,66274,47907068e2a6c48e1cde03bcee8119002210509e91a2c247eab63e66fb5b5b72,2026-05-16T08:37:50.970797+00:00
figure,results/figures/discretization_bias.png,present,90635,586aa9e7d76bbf4cf585ba449036c2b90bcc9e10972f31415240c105247c601d,2026-05-16T08:37:51.603732+00:00
figure,results/figures/event_queue_backtest.png,present,94154,f6eb5765664d715a7cc9b755166b0fd04bfc350b69f4a5f563e89bd6da7f4f15,2026-05-16T08:37:49.940785+00:00
figure,results/figures/finite_n_heatmap.png,present,59768,a548119d84b0cf0ae26f333e9d156573b2f2ef03eb181529a387fe9dcc784ba8,2026-05-16T08:37:50.675403+00:00
figure,results/figures/hawkes_variance.png,present,50363,3bb5124969a6eefdec630fc46db34e21bfe72780d288e951c58a7b88e355b15f,2026-05-16T08:37:49.518787+00:00
figure,results/figures/lobster_beta_profile_likelihood.png,present,194967,e99435eb12c7550b5387eade60982d57aecd809760c17cfbb4f0b433c4796ea1,2026-05-16T08:37:52.178731+00:00
figure,results/figures/lobster_depth_quote_replay.png,present,99285,1d2b2c115b60128c8e58f943955ab3bd436eb69f81360505500b9aa55341861b,2026-05-16T08:37:50.397370+00:00
figure,results/figures/lobster_hawkes_estimator_validation.png,present,72053,450376525aaa94b99ad9fb8a020b3fce710053f5033318eeca79b1bf8f3c1a2c,2026-05-16T08:37:51.700238+00:00
figure,results/figures/lobster_hawkes_event_type_rho_beta.png,present,133851,9584377760d8f5238c3c1b7049a05185b7a54312fc259cb8436c159e6eaf0ace,2026-05-16T08:37:51.985241+00:00
figure,results/figures/lobster_hawkes_multiscale.png,present,112754,902953b27c130f5a43757d6875849aa31323622b085c16379241e12bcfe0d420,2026-05-16T08:37:52.298807+00:00
figure,results/figures/lobster_l1_quote_replay.png,present,91602,1083bf39e4af86db9cf99c6c8082f4212e39e8bff922e6d4cb30f21b164b50aa,2026-05-16T08:37:50.234941+00:00
figure,results/figures/lobster_marked_hawkes_estimator_validation.png,present,80992,1dcef3fd770b1d3ed7a9d1a245af21f42a05238393e40a8412cabf3ed7c63b03,2026-05-16T08:37:51.818649+00:00
figure,results/figures/lobster_marked_hawkes_multivariate.png,present,131716,cbf67e75f809a73a7947b094b94e29a36f971dd64eedbe84835fb38a60bc90b2,2026-05-16T08:37:52.431429+00:00
figure,results/figures/lobster_orderbook_reconstruction.png,present,68480,29601a0c0b840fb6f40094b4a833a8d8ac2912693555d3d281367844803e412c,2026-05-16T08:47:27.135718+00:00
figure,results/figures/lobster_panel_sanity.png,present,64847,37a483a35b9b2542ce6e7f1e9d09b67d63e5dbea64e59be623d6598e4388b508,2026-05-16T08:37:50.875025+00:00
figure,results/figures/lobster_priority_depth_quote_replay.png,present,94270,282ca0272ba135adf945ccd761ca6ed8a225228979fa5f71a814be686291d1b4,2026-05-16T10:29:26.765900+00:00
figure,results/figures/lobster_priority_depth_sensitivity.png,present,88271,fccc3ef1ca0f26228dc619e9af543460a6642566052e2cbe447ccc5b8d794e14,2026-05-16T10:29:26.912355+00:00
figure,results/figures/lobster_side_marked_hawkes_multivariate.png,present,168290,f89f2a59e47da7a35250f311dd10439bf8165241440cbaeb68e2f78ab670423c,2026-05-16T08:37:52.613040+00:00
figure,results/figures/lobster_side_marked_state_residuals.png,present,136143,d611d3c21494a814deb6fba190922a93ce12d31a359f47d21c71541818275af5,2026-05-16T08:37:52.796643+00:00
figure,results/figures/lobster_size_side_marked_multivariate.png,present,95158,cf963813be4d7e0dd45ef940090b8ed66786023d59b132253c113f8d2d220390,2026-05-16T07:44:19+00:00
figure,results/figures/lobster_timestamp_resolution_sensitivity.png,present,149246,4c6ef229354b7ca6a4545f0b874ac45499ca1a9e647df5e96ae8e94cc61f2f66,2026-05-16T08:37:53.100289+00:00
figure,results/figures/lobster_top_of_book_replay.png,present,92923,b0db12b84261c5f063fd6ff26224340f47731b505097f9fef698f32258b7db07,2026-05-16T08:37:50.076527+00:00
figure,results/figures/policy_dt_convergence.png,present,68544,8b0a75d0bd0ac372cb9d0c5a8879cb2b4f6b05dd520f2cef0d237070ec5126cc,2026-05-16T08:37:49.729147+00:00
figure,results/figures/policy_ogata_audit.png,present,67375,0ffb26bcc5aa56a24664b76959a4150a6c0c2a38e26d58575f4498bb4efb3d6f,2026-05-16T08:37:49.822981+00:00
figure,results/figures/policy_stress.png,present,120928,c13320785b007b4d43f8a15a51cfecb592e7e23ca8fc1b4d28a386ae49da2da0,2026-05-16T08:37:49.635688+00:00
figure,results/figures/quote_sensitivity_diagnostic.png,present,116379,6d5f7890b54701927b267533486ce8ba6ae499acf771af2dcda864c52b221d02,2026-05-16T09:06:33.352497+00:00
figure,results/figures/robust_dp_quotes.png,present,89238,185ebf150acf40dfdfd58272f981686509228231739b530207a50119f224de0e,2026-05-16T08:37:50.774806+00:00
figure,results/figures/simulator_validation.png,present,75601,6f196f9ddbbd66c0dba2d6c1ca82c107c24bb0977b33baae5a58c61f8177f8ae,2026-05-16T08:37:51.492227+00:00
figure,results/figures/spectral_gap_ablation.png,present,124577,31969a44b853a7c474eba7dd3882ace9f110470b281691fa4d754bccfec8bb53,2026-05-16T08:37:49.416250+00:00
raw,results/raw/event_queue_backtest_path_wealth.csv,present,20038,58eb1be96d40601c6136c4a7caf316f2cd6b852aa732d813592fbb780973e723,2026-05-16T08:37:48.103741+00:00
raw,results/raw/finite_n_error_proxy.csv,present,1233,8d812f9481c6ebdfdada8548cdafe67873596991288e294244b19f8fcbb92d6d,2026-05-16T08:37:48.979413+00:00
raw,results/raw/hawkes_variance.csv,present,400,545e7f9201fed27b1be6c8539ee4a631e4fe9f5a651f13f80b27e4c56253af57,2026-05-16T08:37:41.918953+00:00
raw,results/raw/lobster_deepest_public_priority_replay.csv,present,10580,90cfbdf0e09643bc5203010fec6c8deab283f8300ef32c0b631f7e500efaa6f2,2026-05-16T10:19:50.757108+00:00
raw,results/raw/lobster_depth_quote_replay.csv,present,18979,4708c25d2b19ca2ff379093d3c5e391c32087eb2502b866f8d5de860efd41d25,2026-05-16T08:16:59.670767+00:00
raw,results/raw/lobster_l1_quote_replay.csv,present,15566,ed639f9f84b382c89109d186c163db0eb0b9c973fca0113907cd44864b454662,2026-05-16T07:54:49.177315+00:00
raw,results/raw/lobster_orderbook_reconstruction.csv,present,5076654,b025bb27ff27a8dfd3049594c9ade08ceffedd85d530502a47bd00e753db4f96,2026-05-16T08:47:26.945190+00:00
raw,results/raw/lobster_priority_depth_quote_replay.csv,present,25239,80a52123ef6cf39c3b6ad92e2da480d5d373b6e41a66378ee55f2e99d4e19bdd,2026-05-16T10:23:42.065012+00:00
raw,results/raw/lobster_priority_depth_sensitivity.csv,present,47247,9dc1919ea35d8e3cae1320a630fb6a5f62fb0ad78e50b13dcb6ab840762b359e,2026-05-16T10:20:06.629792+00:00
raw,results/raw/lobster_top_of_book_replay.csv,present,12003,511b3d0ce5145f2689ea5ed0f22a5ca250af2325d0c1033ec4607737537c9bcb,2026-05-16T07:54:43.533406+00:00
raw,results/raw/policy_dt_convergence_path_wealth.csv,present,607628,cbf35fbc8da3d288d7ea79644ee8a8f8a0cfc4a379ac9cf7ed4f4e896dab65a0,2026-05-16T08:37:47.042561+00:00
raw,results/raw/policy_ogata_audit_path_wealth.csv,present,428763,7d54f78376a3881f6910ae94ed54030ab13370b123f658f389bef314a78957ba,2026-05-16T08:37:48.034414+00:00
raw,results/raw/quote_sensitivity_diagnostic.csv,present,21027,6a40b5f60258fafd368c9a7c9b6e624456ff86a587e5c35da5d4262469910343,2026-05-16T09:06:33.132333+00:00
raw,results/raw/robust_dp_policy_grid.csv,present,814321,f833f9e7b86761fa7f59d836ebfcb710720818a4523cb7dc5dbe434eed7af6d5,2026-05-16T08:37:48.970331+00:00
raw,results/raw/robust_dp_values.csv,present,315809,57134ecfade002940811a6dd74bd0e749e65711b7b3cd071f97551bdc486c0ea,2026-05-16T08:37:48.977303+00:00
raw,results/raw/scaling_premiums.csv,present,17114,8d795e57f08b4bf2f98590474370e62fe7bd38a9d68987f042dc54b216db44a3,2026-05-16T08:37:41.859883+00:00
raw,results/raw/spectral_gap_ablation.csv,present,13753,d9f6a684adc0b56065bbfd7644c686ed6547631e69fe384e571bb4731870bea7,2026-05-16T08:37:41.866603+00:00
table,results/tables/binance_aggtrades_cross_date_sanity_summary.csv,present,2545,d78d103013e42ba7ecacecdaa56da13047b06661861de3954bf77bc72bc8abb7,2026-05-16T08:21:13.913441+00:00
table,results/tables/binance_aggtrades_hawkes_best.csv,present,2449,8cc807f79c1de45e03c6f02d184fee7916bc2aee9cde2978adc28ad9b8df5364,2026-05-16T08:24:01.060442+00:00
table,results/tables/binance_aggtrades_hawkes_cross_date_best.csv,present,7034,b23cb0e2cb2043baba924070d84e3f4c97e0be1c1bd3e61e4ba42b8857c85e37,2026-05-16T08:24:01.049061+00:00
table,results/tables/binance_aggtrades_hawkes_cross_date_summary.csv,present,1228,81687399a11711948b0ac53a19caff6c9e3b1a7595139d433e04014cdc9cf36b,2026-05-16T08:24:01.058845+00:00
table,results/tables/binance_aggtrades_hawkes_fixed_beta.csv,present,8954,ef29af4541f470e819a3ff1f93ecd9df9c963a3d6e9537dadbdbe3977d4a88a9,2026-05-16T08:24:01.059389+00:00
table,results/tables/binance_aggtrades_sanity_summary.csv,present,1001,f9f7ecdce45052378e463a2e107878d55b1b8c9af906bd65408018980d96b1e0,2026-05-16T08:21:13.913836+00:00
table,results/tables/calibration_noise.csv,present,1673,3b031ee74555938f5d58bf86bb42b825e3753ff90000520802de62319ab300f5,2026-05-16T08:37:44.911787+00:00
table,results/tables/crypto_l2_sanity_summary.csv,present,904,eb3b817de89dcd5b44d4cf1ee889b62199a82e30e376f51b0c34494fbb3ea621,2026-05-16T08:05:46.504476+00:00
table,results/tables/discretization_bias.csv,present,1455,c586967b95bd4c7f71371847f4b251a0333ce47a6df02357efe6daf73eac35f3,2026-05-16T08:37:42.082809+00:00
table,results/tables/dp_ablation_table.csv,present,508,e1fb2bdbfb22cc163e935a3fc9acfa23c3176774b787f1f7af056f2ff7d2d597,2026-05-16T09:13:00.228887+00:00
table,results/tables/event_queue_backtest.csv,present,1916,523fb7c969be4b3480e74612478c80511c2ef6c80904ac1a04416de14ad9fdd4,2026-05-16T08:37:48.108712+00:00
table,results/tables/event_queue_backtest_summary.csv,present,1916,cf67c449f70054e9fe73acd232a0fbb6e9e7d5a6617aae2503f6e4134f2ffcfc,2026-05-16T08:37:48.109092+00:00
table,results/tables/finite_n_error_fit.csv,present,101,70e79357ec1c8caaa45adda1101b8ea7d60843e652ae1096d4f4944f1f7c3dcd,2026-05-16T08:37:48.979616+00:00
table,results/tables/hawkes_variance_exponent_fits.csv,present,263,9011c6b00e9bc92c3bc0ec6c9c213d70d5fd8e61f19cecdb3b06957c47736ba5,2026-05-16T08:37:41.919276+00:00
table,results/tables/lobster_deepest_public_priority_replay_summary.csv,present,3128,a4faa0bec1ec37ecc5c36a9f47078dc3a24f61c734aa1cc2bca8f354133b76f6,2026-05-16T10:19:50.757499+00:00
table,results/tables/lobster_depth_quote_replay_summary.csv,present,3164,36fccd36adfa645c3f3d9b1761774074810696ed8f826be4abcc7d33901921ec,2026-05-16T08:16:59.671104+00:00
table,results/tables/lobster_hawkes_estimator_validation.csv,present,719,6541b903d2f456d3ab741c47af249782848dd83e8ad7e020e4ce240a6899751b,2026-05-16T07:22:55.481417+00:00
table,results/tables/lobster_hawkes_fit.csv,present,1122,9d00b8e9b76f06107aa8398b6c8126e7dae076e7e54d263e41fa06de9d26f5ef,2026-05-16T05:45:20.514186+00:00
table,results/tables/lobster_hawkes_fit_by_event_type.csv,present,4909,b756068975f619d776c9409dc5ce0d6255c967f9230d4152f411e40466aafa44,2026-05-16T07:32:18.655727+00:00
table,results/tables/lobster_hawkes_fixed_beta_sensitivity.csv,present,15485,b78c017899aa2bfc7434866681babdea303d83efad541e600b73d15f556246a5,2026-05-16T07:33:19.553164+00:00
table,results/tables/lobster_hawkes_multiscale_best.csv,present,6330,14c59c2f3a512dc9e990a10afc37d2a34fdd382bc9f3d8ab36e545821ef732dd,2026-05-16T07:34:16.870961+00:00
table,results/tables/lobster_hawkes_multiscale_sensitivity.csv,present,18410,070595701fac0b6d92df5ecb98736744c1d05cdf92af21d3644bf414663c09a6,2026-05-16T07:34:16.868248+00:00
table,results/tables/lobster_l1_quote_replay_summary.csv,present,2972,5ba09e39626e8598863b465fd7413a79623635934a81a5cc43090bdfc5e40b27,2026-05-16T07:54:49.177645+00:00
table,results/tables/lobster_marked_hawkes_estimator_validation.csv,present,500,309aee3bc2f1cb67b2f85f915af0423fd5ee391a882e7edf24cccd90b9e20e52,2026-05-16T07:22:56.743205+00:00
table,results/tables/lobster_marked_hawkes_multivariate.csv,present,13344,a95338bbd5a40ff9442c4d777ca42ba23eafd213c525db80d886d1d17cded1a4,2026-05-16T07:34:35.422451+00:00
table,results/tables/lobster_marked_hawkes_multivariate_best.csv,present,3928,a6cbbe73099ff0e779ac39544202e8728e5541a0925e0829a055ea233f82a339,2026-05-16T07:34:35.425347+00:00
table,results/tables/lobster_orderbook_reconstruction_summary.csv,present,1314,fca71f7d0f0908a43da95f98b61fce93ef0388f3307f27f9b92d1c31fa52cb43,2026-05-16T08:47:26.945719+00:00
table,results/tables/lobster_panel_sanity_summary.csv,present,1590,0569939dfcd7195d90c35c201c69df32b5b7d4dead3114b353b2de951b526191,2026-05-16T08:05:44.505928+00:00
table,results/tables/lobster_priority_depth_quote_replay_summary.csv,present,5001,1e3ffd8eb6359c488d394648f4a643791689d2a988a9ff887e3e22d1b323587b,2026-05-16T10:23:42.065446+00:00
table,results/tables/lobster_priority_depth_sensitivity_summary.csv,present,7749,c72c5fbc20b064db2a5c501fda921bf5caabd1b957ceb7fcaadc9f96ff8292f2,2026-05-16T10:20:06.630366+00:00
table,results/tables/lobster_side_marked_hawkes_multivariate.csv,present,21577,7779d10ca20ed901c31526f4c2bfdad82280d4c1865055c44a3458bc307c4412,2026-05-16T07:35:43.793916+00:00
table,results/tables/lobster_side_marked_hawkes_multivariate_best.csv,present,12314,82f0eec2f801dd1ef89d5516cd30a1f15a72508b1a9a3b60c3def0e7f16fa25e,2026-05-16T07:35:43.795240+00:00
table,results/tables/lobster_side_marked_state_residuals.csv,present,17426,2ca0fb8a380142e367e55093a8a9d6922faeb67c119deae841e74a9e2484aba1,2026-05-16T07:35:46.098773+00:00
table,results/tables/lobster_side_marked_state_residuals_summary.csv,present,1651,d48d376d2cd37a336c03a66865ce4d303325cb6a52e56e64c8ef867f633e7cae,2026-05-16T07:35:46.103507+00:00
table,results/tables/lobster_size_side_marked_hawkes_multivariate.csv,present,34404,04da3ecf8398475a85e6517ad5142e3efa2b26fa5d7587eb573e5e7e5bc954be,2026-05-16T07:44:19.358237+00:00
table,results/tables/lobster_size_side_marked_hawkes_multivariate_best.csv,present,34404,04da3ecf8398475a85e6517ad5142e3efa2b26fa5d7587eb573e5e7e5bc954be,2026-05-16T07:44:19.360264+00:00
table,results/tables/lobster_timestamp_resolution_sensitivity.csv,present,6231,7631beedae7d78c6ad129c8ac49491097e5908a4dfda67bd01805f9c911e2098,2026-05-16T07:34:03.127346+00:00
table,results/tables/lobster_top_of_book_replay_summary.csv,present,1500,3391e8f9984c6da3ce9a1c5da73fd014abe96c49f3ce16846587fa016ddccb5f,2026-05-16T07:54:43.533930+00:00
table,results/tables/m_series_benchmark.csv,present,1425,ef95f6cb0188e651ef27237d58c661accb1af5e154310d368e8862770533255d,2026-05-16T09:53:58.339333+00:00
table,results/tables/m_series_benchmark_environment.csv,present,209,f061a4104bc7ecbc8b8f4f6994b10c1315913924eec407154687902ef5f93baf,2026-05-16T09:53:58.339542+00:00
table,results/tables/policy_ablation_table.csv,present,2624,abd1b4323cd38d4c095753801667ccede40250fbb27ce0fa0bc6bc543013a136,2026-05-16T09:13:00.228602+00:00
table,results/tables/policy_bootstrap_ci.csv,present,1219,1b85ebca727973f1ed4ce69c852a78fc29b8ac9d7356ab079a6565f47f0cdce1,2026-05-16T08:37:46.150520+00:00
table,results/tables/policy_dt_convergence.csv,present,6726,dd723f4389d29b3aff21886ed32db1b7bb94e2990d109ea2c8ba0435335e0ab5,2026-05-16T08:37:47.055845+00:00
table,results/tables/policy_dt_convergence_summary.csv,present,3898,e71cc1bf8ef63788114cbf5a35063102e7d50b28b37766f0d14b072171ff3b6a,2026-05-16T08:37:47.057118+00:00
table,results/tables/policy_ogata_audit.csv,present,4830,39f9df43f405b857ab072deb7a9d62387b0df4705e21b223c194f5d086af7e93,2026-05-16T08:37:48.044252+00:00
table,results/tables/policy_ogata_audit_summary.csv,present,2854,9664ef97c50859a1c467c08108e27b39325c9baa3cdf4c737fb030e0443fddcd,2026-05-16T08:37:48.045176+00:00
table,results/tables/policy_pairwise_tests.csv,present,937,a6c7d3efb5322fc55ebf43f5643d0d65cf789bd844e7d3d8284d0119b57205c7,2026-05-16T08:37:46.150947+00:00
table,results/tables/policy_stress_metrics.csv,present,16139,23a2d48487a9b1ddabfc0041a41a50a9b48f03211c2c53135c392c28079aaa09,2026-05-16T08:37:46.093490+00:00
table,results/tables/quote_sensitivity_diagnostic_summary.csv,present,1585,78e052b1165d9c0a7733d13f82b33361acee2764585038acbc25f3d94230a30d,2026-05-16T09:06:33.132638+00:00
table,results/tables/robust_dp_quotes.csv,present,4676,b03cc3431254bbdefac4ca9e4bdeecd2dd71e6025020f29b1ec4f0e89906cf4a,2026-05-16T08:37:48.977938+00:00
table,results/tables/scaling_ablation_table.csv,present,481,5ebc02ab72a002b8765714da8281d1d2d77ecbdc587cdde250f03e05a7ad4f90,2026-05-16T09:13:00.228752+00:00
table,results/tables/scaling_exponent_fits.csv,present,3886,17e694d3580cef8383c71102f6582be8f8c016af6b9e1062e8c10dcdb13827aa,2026-05-16T08:37:41.860271+00:00
table,results/tables/simulator_validation.csv,present,558,06fcd294bd786eaaab811fd2b53519607c1153d316b6cf61e70deed8dc87d0ae,2026-05-16T08:37:41.993849+00:00
table,results/tables/sota_comparison.csv,present,5336,6a659f40cbccfdd84129125dc34de9f851cf9a7c8dc9ee9cf219d385be3228a3,2026-05-16T12:25:29.419220+00:00
table,results/tables/spectral_gap_ablation_fits.csv,present,2135,6a21b53288d7f56e457abdfe9d328777b067128e3f04d02ccc2d6f5276b65a33,2026-05-16T08:37:41.866841+00:00
code,scripts/audit_lobster_orderbook_reconstruction.py,present,1351,8233c8cccd3d4e9c00c413aace6de13cef9395a6ae7e5f8d06c105e2790d5a8a,2026-05-16T08:47:04.951513+00:00
code,scripts/benchmark_m_series.py,present,11134,804181706b4a0d7fe14b7f2fd4415cf1f7776c7f02ccfac992645a6251d8c347,2026-05-16T09:53:53.498155+00:00
code,scripts/build_siam_source.py,present,3890,38e0570cb2df8dd09124132be2a810d6fe7ca951756f0d508cc87c63c1f242c9,2026-05-16T09:54:26.525970+00:00
code,scripts/build_submission_bundle.py,present,5790,cff838f1cd8cb2c984ff45d774c614bb6411b965705f9570b78df65836be5e68,2026-05-16T10:30:20.457165+00:00
code,scripts/fetch_binance_aggtrades.py,present,1817,59634c8d5f4bde74d00eb914bb36a843d11e3da53ab5875e1fd6228552d35c45,2026-05-16T08:14:19.638512+00:00
code,scripts/fetch_crypto_depth.py,present,758,057028f2643790b4b12a7c8d20c51c3357bba70566a90f11017f5abb648906b0,2026-05-16T05:16:22.130553+00:00
code,scripts/fetch_lobster_sample.py,present,786,31bdaab23fc7c7b2e468a29ecf158b2fe06fedd91235977f651dd81a357ebd5b,2026-05-16T05:08:50.428988+00:00
code,scripts/fetch_public_data.py,present,1580,81d2afb60508644a9226756f518027d9f6856c70380c071ee7d4c71dab0d0254,2026-05-16T07:57:33.167320+00:00
code,scripts/fit_binance_hawkes.py,present,2283,861216e396937fce655c2b888967066ce169d59ebd1bdbca1e3a293b07b1005e,2026-05-16T08:14:29.922233+00:00
code,scripts/fit_lobster_hawkes.py,present,7913,1d4e9cae1f7e5506a84fceb2b9ee68b8b15613a25374d0e16f0dfa66af376085,2026-05-16T07:30:29.145397+00:00
code,scripts/replay_lobster_deepest_public.py,present,4859,6ec4fb0640458e24ad50205916cb2f6fc54fa4dd6e0d7ce35e1eaa8915639a45,2026-05-16T10:19:06.804451+00:00
code,scripts/replay_lobster_top_of_book.py,present,4457,cafb13f2f6b58e87d9913ed9a5f3f986f0adc99678226a4fcc14fade49b31b52,2026-05-16T08:40:04.574604+00:00
code,scripts/run_all.py,present,1416,9ba50871434799f25825c56203a42bbba2b2e8727ad1a5ee727d2b5d1a213196,2026-05-16T05:34:36.300128+00:00
code,scripts/validate_submission_package.py,present,34212,b609415c9bd0340203767906c2dd6be6ce1867bedeb1cb37b4fe3eac02ea1f44,2026-05-16T10:28:14.607650+00:00
code,src/mesa/__init__.py,present,139,d7817aa0c8f8629a46f83cb4a932e5606d56b01363166f8462182e231150fefa,2026-05-16T04:59:51.102763+00:00
code,src/mesa/calibration.py,present,80299,51fc2f65305fcc2968e87f2a9b3cb49f647efc4441827336d0a2e28a9796e8cc,2026-05-16T08:14:00.941165+00:00
code,src/mesa/control.py,present,4763,96c113dcfb7e09cbd033979c72545ee011fccbf3f3bc347c6484429fa4c4e635,2026-05-16T05:55:00.543811+00:00
code,src/mesa/dp.py,present,8440,a1194f19205dd9d69a6986dca0054ae1b8e4aad7fc9f0b95bb8ca5ba65df137d,2026-05-16T06:19:53.825823+00:00
code,src/mesa/empirical.py,present,17401,8c63b467b8ec6196e17c5220b049780d10afc5cabc943f151febaa3164688836,2026-05-16T10:15:13.397423+00:00
code,src/mesa/event_queue.py,present,8376,486368508ecf58f576e189921707b41b8c5239b72be5dc8f9d36d65939407908,2026-05-16T06:24:05.446275+00:00
code,src/mesa/experiments.py,present,64838,accd772a170e633d5ba2a67013d0a7cb990dd496c848ce33500d2720abdff738,2026-05-16T09:12:55.441241+00:00
code,src/mesa/hawkes.py,present,7683,a46361b5997f4e95f861551e4bc17dd5a1938da2fad3316fc183e3f1d1438e33,2026-05-16T09:31:42.811714+00:00
code,src/mesa/lobster_replay.py,present,78136,7d918d1dd0eca0933e714047995da0383051ee528865336c088c4ede50efa5b9,2026-05-16T10:23:14.394674+00:00
code,src/mesa/orderbook_reconstruction.py,present,15175,0586b598964881156be93b83ac2be9ce5899425ea0fdc54a2e293a5773417f86,2026-05-16T08:46:59.673664+00:00
code,src/mesa/plotting.py,present,51511,1d20bcf7311f08087efc8f41928e32a26e679346c3843678e4c3353a701875d6,2026-05-16T10:29:21.016573+00:00
code,src/mesa/spectral.py,present,4573,d1456d86d1e16db898c4fe87c8f9600cf9c66f055766a27dd68f343c66f49e63,2026-05-16T04:59:51.102926+00:00
code,tests/test_calibration.py,present,7913,707842b4cdf30940546569b7615beb181fc1049e70afd3752a666ff4291b92b2,2026-05-16T07:31:32.835166+00:00
code,tests/test_control.py,present,1690,a0acff75721191312b8ca430ba57bb550fbb14fbf5508edeeff78a5b72b2066c,2026-05-16T09:06:29.176245+00:00
code,tests/test_dp.py,present,2587,debcf851e6825f64d7ef84a42be1a143d9201ca1e3677f1ec73837ca20aa9420,2026-05-16T06:17:45.128995+00:00
code,tests/test_empirical.py,present,2157,5f608a64dbee6dbec626550008de66e8368ed3fc5f87fca4122ef2217fd9bd29,2026-05-16T07:57:43.573457+00:00
code,tests/test_event_queue.py,present,1562,89eab42ce1164d7b6e536b89cee5f44acf67886c7abfea60f75f57bf78806dff,2026-05-16T06:24:29.801299+00:00
code,tests/test_experiments.py,present,977,51b952693695d2c5deeed335ae718a93967f5f5a23f0b62bdf88dca5f8dabad3,2026-05-16T07:14:17.871114+00:00
code,tests/test_hawkes.py,present,1752,a2ca764c4a55f6154228fafa6e02f9be92e99dc72032f3d521e257e77a526c34,2026-05-16T06:03:38.522323+00:00
code,tests/test_lobster_replay.py,present,11585,40a9d571a4a0efd0a5224a8a3ee06297f7b2cc9bfa7d26c913877ef64f63c3f5,2026-05-16T10:15:45.915451+00:00
code,tests/test_m_series_benchmark.py,present,1139,49fc2e0e3163b176238ce53cb85b3749b4e60dbe80bacf5733c7270f21fb9cd3,2026-05-16T09:31:59.501116+00:00
code,tests/test_orderbook_reconstruction.py,present,1523,0a7b2528e529c0017f60999e3e052e459c5e1f42e40e84ab69ae0c007b204097,2026-05-16T08:45:49.614475+00:00
code,tests/test_spectral.py,present,947,c53385a11cb5b3b84bd154faea4d853d942041452d06685188ae5775eabbb5a2,2026-05-16T04:59:51.104122+00:00
code,tests/test_submission_validator.py,present,2803,a6fb4cd552591bd983826a0a45c9ed49e0609ab16f0c80a4958c5a5829cab454,2026-05-16T10:30:37.914721+00:00
